id;series_id;genre;title;year;watched;colour;ranking;director;duration;topic
1;1;"Drama;Action;War";1917;2019;false;;8.2;Sam Mendes;1h 59m;April 6th, 1917. As an infantry battalion assembles to wage war deep in enemy territory, two soldiers are assigned to race against time and deliver a message that will stop 1,600 men from walking straight into a deadly trap.
2;2;"Drama;Crime";12 Angry Men;1957;false;;8.9;Sidney Lumet;1h 36m;The jury in a New York City murder trial is frustrated by a single member whose skeptical caution forces them to more carefully consider the evidence before jumping to a hasty verdict.
3;2;"Drama;Crime";12 Angry Men;1997;false;;7.8;William Friedkin;1h 57m;Twelve men must decide the fate of one when one juror objects to the jury's decision.
4;3;"Drama;History;Biography";12 Years a Slave;2013;false;;8.1;Steve McQueen;2h 14m;In the antebellum United States, Solomon Northup, a free black man from upstate New York, is abducted and sold into slavery.
5;4;"Adventure;Sci-Fi";2001: A Space Odyssey;1968;false;;8.3;Stanley Kubrick;2h 29m;After uncovering a mysterious artifact buried beneath the Lunar surface, a spacecraft is sent to Jupiter to find its origins - a spacecraft manned by two men and the supercomputer H.A.L. 9000.
6;5;"Drama;Comedy";3 Idiots;2009;false;;8.3;Rajkumar Hirani;2h 50m;"Two friends are searching for their long lost companion. They revisit their college days and recall the memories of their friend who inspired them to think differently, even as the rest of the world called them ""idiots""."
7;6;"Drama;Biography";A Beautiful Mind;2001;false;;8.2;Ron Howard;2h 15m;After John Nash, a brilliant but asocial mathematician, accepts secret work in cryptography, his life takes a turn for the nightmarish.
8;7;"Crime;Sci-Fi";A Clockwork Orange;1971;true;deep-magenta;8.2;Stanley Kubrick;2h 16m;In the future, a sadistic gang leader is imprisoned and volunteers for a conduct-aversion experiment, but it doesn't go as planned.
9;8;Drama;A Separation;2011;false;;8.2;Asghar Farhadi;2h 3m;A married couple are faced with a difficult decision - to improve the life of their child by moving to another country or to stay in Iran and look after a deteriorating parent who has Alzheimer's disease.
10;9;"Animation;Action;Adventure";Akira;1988;false;;8.0;Katsuhiro Otomo;2h 4m;A secret military project endangers Neo-Tokyo when it turns a biker gang member into a rampaging psychic psychopath who can only be stopped by a teenager, his gang of biker friends and a group of psychics.
11;10;"Adventure;Comedy;Animation";Aladdin;1992;false;;8.0;"Ron Clements;John Musker";1h 30m;A kindhearted street urchin and a power-hungry Grand Vizier vie for a magic lamp that has the power to make their deepest wishes come true.
12;11;"Sci-Fi;Horror";Alien;1979;false;;8.4;Ridley Scott;1h 57m;The crew of a commercial spacecraft encounter a deadly lifeform after investigating an unknown transmission.
13;11;"Action;Adventure;Sci-Fi";Aliens;1986;false;;8.3;James Cameron;2h 17m;Fifty-seven years after surviving an apocalyptic attack aboard her space vessel by merciless space creatures, Officer Ripley awakens from hyper-sleep and tries to warn anyone who will listen about the predators.
14;12;Drama;All About Eve;1950;false;;8.2;Joseph L. Mankiewicz;2h 18m;A seemingly timid but secretly ruthless ingénue insinuates herself into the lives of an aging Broadway star and her circle of theater friends.
15;13;"Drama;Biography;Music";Amadeus;1984;false;;8.3;Milos Forman;2h 40m;The life, success and troubles of Wolfgang Amadeus Mozart, as told by Antonio Salieri, the contemporaneous composer who was insanely jealous of Mozart's talent and claimed to have murdered him.
16;14;"Comedy;Romance";Amélie;2001;false;;8.2;Jean-Pierre Jeunet;2h 2m;Amélie is an innocent and naive girl in Paris with her own sense of justice. She decides to help those around her and, along the way, discovers love.
17;15;Drama;American Beauty;1999;false;;8.3;Sam Mendes;2h 2m;A sexually frustrated suburban father has a mid-life crisis after becoming infatuated with his daughter's best friend.
18;16;"Drama;Crime";American History X;1998;false;;8.5;Tony Kaye;1h 59m;A former neo-nazi skinhead tries to prevent his younger brother from going down the same wrong path that he did.
19;17;"Drama;Thriller";Amores perros;2000;false;;8.0;Alejandro G. Iñárritu;2h 34m;A horrific car accident connects three stories, each involving characters dealing with loss, regret, and life's harsh realities, all in the name of love.
20;18;"Drama;Mystery;War";Apocalypse Now;1979;false;;8.4;Francis Ford Coppola;2h 27m;A U.S. Army officer serving in Vietnam is tasked with assassinating a renegade Special Forces Colonel who sees himself as a god.
21;19;"Adventure;Sci-Fi;Fantasy";Avatar;2009;true;vibrant-blue;7.9;James Cameron;2h 42m;A paraplegic Marine dispatched to the moon Pandora on a unique mission becomes torn between following his orders and protecting the world he feels is his home.
22;19;"Adventure;Sci-Fi;Fantasy";Avatar: The Way of Water;2022;true;vibrant-blue;7.5;James Cameron;3h 12m;Jake Sully lives with his newfound family formed on the extrasolar moon Pandora. Once a familiar threat returns to finish what was previously started, Jake must work with Neytiri and the army of the Na'vi race to protect their home.
23;20;"Drama;Adventure;Action";Avengers: Endgame;2019;false;;8.3;"Anthony Russo;Joe Russo";3h 1m;After the devastating events of Avengers: Infinity War (2018), the universe is in ruins. With the help of remaining allies, the Avengers assemble once more in order to reverse Thanos' actions and restore balance to the universe.
24;20;"Action;Adventure;Sci-Fi";Avengers: Infinity War;2018;false;;8.4;"Anthony Russo;Joe Russo";2h 29m;The Avengers and their allies must be willing to sacrifice all in an attempt to defeat the powerful Thanos before his blitz of devastation and ruin puts an end to the universe.
25;21;"Sci-Fi;Adventure;Comedy";Back to the Future;1985;false;;8.5;Robert Zemeckis;1h 56m;Marty McFly, a 17-year-old high school student, is accidentally sent thirty years into the past in a time-traveling DeLorean invented by his close friend, the eccentric scientist Doc Brown. 1
26;21;"Sci-Fi;Adventure;Comedy";Back to the Future Part II;1989;false;;7.8;Robert Zemeckis;1h 48m;After visiting 2015, Marty McFly must repeat his visit to 1955 to prevent disastrous changes to 1985... without interfering with his first trip. 1
27;21;"Sci-Fi;Adventure;Comedy";Back to the Future Part III;1990;false;;7.4;Robert Zemeckis;1h 58m;Stranded in 1955, Marty McFly learns about the death of Doc Brown in 1885 and must travel back in time to save him. With no fuel readily available for the DeLorean, the two must figure out a way to escape the Old West before Emmett is murdered.
28;22;"Adventure;Drama;War";Barry Lyndon;1975;false;;8.1;Stanley Kubrick;3h 5m;An Irish rogue wins the heart of a rich widow and assumes her dead husband's aristocratic position in 18th-century England.
29;23;"Drama;Crime;Action";Batman Begins;2005;false;;8.2;Christopher Nolan;2h 20m;After training with his mentor, Batman begins his fight to free crime-ridden Gotham City from corruption.
30;24;"Fantasy;Family;Animation";Beauty and the Beast;1991;false;;8.0;"Gary Trousdale;Kirk Wise";1h 24m;A prince cursed to spend his days as a hideous monster sets out to regain his humanity by earning a young woman's love.
31;25;"Drama;Romance";Before Sunrise;1995;false;;8.1;Richard Linklater;1h 41m;A young man and woman meet on a train in Europe, and wind up spending one evening together in Vienna. Unfortunately, both know that this will probably be their only night together.
32;25;"Drama;Romance";Before Sunset;2004;false;;8.0;Richard Linklater;1h 20m;Nine years after Jesse and Celine first met, they encounter each other again on the French leg of Jesse's book tour.
33;26;"Drama;Adventure;History";Ben-Hur;1959;false;;8.1;William Wyler;3h 32m;After a Jewish prince is betrayed and sent into slavery by a Roman friend in 1st-century Jerusalem, he regains his freedom and comes back for revenge.
34;27;Drama;Bicycle Thieves;1948;false;;8.2;Vittorio De Sica;1h 29m;In post-war Italy, a working-class man's bicycle is stolen, endangering his efforts to find work. He and his son set out to find it.
35;28;"Drama;Docu;Crime;Comedy";BlacKkKlans­man;2018;true;vivid-orange;7.5;Spike Lee;2h 15m;Ron Stallworth, an African American police officer from Colorado Springs, Colorado, successfully infiltrates the local Ku Klux Klan branch aided by a Jewish surrogate who eventually becomes its leader. Based on actual events.
36;29;"Drama;Action;Sci-Fi";Blade Runner;1982;false;;8.1;Ridley Scott;1h 57m;A blade runner must pursue and terminate four replicants who stole a ship in space, and have returned to Earth to find their creator.
37;30;"Drama;Biography;History";Braveheart;1995;false;;8.3;Mel Gibson;2h 58m;Scottish warrior William Wallace leads his countrymen in a rebellion to free his homeland from the tyranny of King Edward I of England.
38;31;Drama;Capernaum;2018;false;;8.3;Nadine Labaki;2h 6m;While serving a five-year sentence for a violent crime, a 12-year-old boy sues his parents for neglect.
39;32;"Horror;Mystery";Carrie;1976;false;;7.4;Brian De Palma;1h 38m;Carrie White, a shy, friendless teenage girl who is sheltered by her domineering, religious mother, unleashes her telekinetic powers after being humiliated by her classmates at her senior prom.
40;33;"Drama;Romance;War";Casablanca;1942;false;;8.5;Michael Curtiz;1h 42m;A cynical expatriate American cafe owner struggles to decide whether or not to help his former lover and her fugitive husband escape the Nazis in French Morocco.
41;34;"Drama;Crime";Casino;1995;false;;8.2;Martin Scorsese;2h 58m;A tale of greed, deception, money, power, and murder occur between two best friends: a mafia enforcer and a casino executive compete against each other over a gambling empire, and over a fast-living and fast-loving socialite.
42;35;"Drama;Biography;Crime";Catch Me If You Can;2002;false;;8.1;Steven Spielberg;2h 21m;Barely 21 yet, Frank is a skilled forger who has passed as a doctor, lawyer and pilot. FBI agent Carl becomes obsessed with tracking down the con man, who only revels in the pursuit.
43;36;"Drama;Family;Sport";Children of Heaven;1997;false;;8.1;Majid Majidi;1h 29m;"After a boy loses his sister's pair of shoes, he goes on a series of adventures in order to find them. When he can't, he tries a new way to ""win"" a new pair."
44;37;"Drama;Mystery;Thriller";Chinatown;1974;false;;8.1;Roman Polanski;2h 10m;A private detective hired to expose an adulterer in 1930s Los Angeles finds himself caught up in a web of deceit, corruption, and murder.
45;38;"Drama;Romance";Cinema Paradiso;1988;false;;8.4;Giuseppe Tornatore;2h 35m;A filmmaker recalls his childhood when falling in love with the pictures at the cinema of his home village and forms a deep friendship with the cinema's projectionist.
46;39;"Drama;Mystery";Citizen Kane;1941;false;;8.3;Orson Welles;1h 59m;Following the death of publishing tycoon Charles Foster Kane, reporters scramble to uncover the meaning of his final utterance: 'Rosebud.'
47;40;"Drama;Romance;Comedy";City Lights;1931;false;;8.4;Charles Chaplin;1h 27m;With the aid of a wealthy erratic tippler, a dewy-eyed tramp who has fallen in love with a sightless flower girl accumulates money to be able to help her medically.
48;41;"Drama;Crime";City of God;2002;false;;8.6;"Kátia Lund;Fernando Meirelles";2h 10m;In the slums of Rio, two kids' paths diverge as one struggles to become a photographer and the other a kingpin.
49;42;"Adventure;Comedy;Animation";Coco;2017;false;;8.3;"Lee Unkrich;Adrian Molina";1h 45m;Aspiring musician Miguel, confronted with his family's ancestral ban on music, enters the Land of the Dead to find his great-great-grandfather, a legendary singer.
50;43;"Drama;Thriller;War";Come and See;1985;false;;8.2;Elem Klimov;2h 22m;After finding an old rifle, a young boy joins the Soviet resistance movement against ruthless German forces and experiences the horrors of World War II.
51;44;"Drama;Crime";Cool Hand Luke;1967;false;;8.0;Stuart Rosenberg;2h 7m;A laid back Southern man is sentenced to two years in a rural prison, but refuses to conform.
52;45;"Drama;Action;Biography";Dangal;2016;false;;8.2;Nitesh Tiwari;2h 41m;Former wrestler Mahavir Singh Phogat and his two wrestler daughters struggle towards glory at the Commonwealth Games in the face of societal oppression.
53;46;"Drama;Comedy";Dead Poets Society;1989;false;;8.1;Peter Weir;2h 8m;Maverick teacher John Keating uses poetry to embolden his boarding school students to new heights of self-expression.
54;47;"Drama;Adventure;Biography";Dersu Uzala;1975;false;;8.0;Akira Kurosawa;2h 22m;The Russian army sends an explorer on an expedition to the snowy Siberian wilderness where he makes friends with a seasoned local hunter.
55;48;"Crime;Thriller";Dial M for Murder;1954;false;;8.1;Alfred Hitchcock;1h 45m;A former tennis star arranges the murder of his adulterous wife.
56;49;"Action;Thriller";Die Hard;1988;false;;8.2;John McTiernan;2h 12m;An NYPD officer tries to save his wife and several others taken hostage by German terrorists during a Christmas party at the Nakatomi Plaza in Los Angeles.
57;49;"Action;Thriller";Die Hard 2;1990;false;;7.1;Renny Harlin;2h 4m;John McClane attempts to avert disaster as rogue military operatives seize control of Dulles International Airport in Washington, D.C.
58;49;"Action;Thriller";Die Hard with a Vengeance;1995;false;;7.6;John McTiernan;2h 8m;John McClane and a Harlem store owner are targeted by German terrorist Simon Gruber in New York City, where he plans to rob the Federal Reserve Building.
59;50;"Drama;Western";Django Unchained;2012;false;;8.4;Quentin Tarantino;2h 45m;With the help of a German bounty-hunter, a freed slave sets out to rescue his wife from a brutal plantation-owner in Mississippi.
60;51;"Sci-Fi;Drama;Mystery";Donnie Darko;2001;false;;8.0;Richard Kelly;1h 53m;After narrowly escaping a bizarre accident, a troubled teenager is plagued by visions of a man in a large rabbit suit who manipulates him to commit a series of crimes.
61;52;"Drama;Crime;Film-Noir";Double Indemnity;1944;false;;8.2;Billy Wilder;1h 47m;A Los Angeles insurance representative lets an alluring housewife seduce him into a scheme of insurance fraud and murder that arouses the suspicion of his colleague, an insurance investigator.
62;53;"Drama;History;Biography";Downfall;2004;false;;8.2;Oliver Hirschbiegel;2h 36m;Traudl Junge, the final secretary for Adolf Hitler, tells of the Nazi dictator's final days in his Berlin bunker at the end of WWII.
63;54;"Comedy;War";Dr. Strangelove or How I Learned to Stop Worrying and Love the Bomb;1964;false;;8.3;Stanley Kubrick;1h 35m;An insane American general orders a bombing attack on the Soviet Union, triggering a path to nuclear holocaust that a war room full of politicians and generals frantically tries to stop.
64;55;"Action;Drama;Sci-Fi";Drive;2011;false;;7.8;Nicolas Winding Refn;1h 40m;A mysterious Hollywood stuntman and mechanic moonlights as a getaway driver and finds himself in trouble when he helps out his neighbor.
65;56;"Sci-Fi;Adventure;Drama";Dune;2021;false;;8.0;Denis Villeneuve;2h 35m;A noble family becomes embroiled in a war for control over the galaxy's most valuable asset while its heir becomes troubled by visions of a dark future.
66;56;"Sci-Fi;Adventure;Drama";Dune: Part Two;2024;false;;8.8;Denis Villeneuve;2h 46m;Paul Atreides unites with Chani and the Fremen while seeking revenge against the conspirators who destroyed his family. Facing a choice between the love of his life and the fate of the universe, he must prevent a terrible future only he can foresee.
67;57;"Fantasy;Drama;Romance";Edward Scissorhands;1990;false;;7.9;Tim Burton;1h 45m;An artificial man with scissors for hands falls in love with a beautiful teenage girl and proves to her prejudiced suburban family that he is more human than they are.
68;58;"Drama;Romance;Sci-Fi";Eternal Sunshine of the Spotless Mind;2004;false;;8.3;Michel Gondry;1h 48m;When their relationship turns sour, a couple undergoes a medical procedure to have each other erased from their memories.
69;59;"Action;Adventure;Comedy";Everything Everywhere All at Once;2022;false;;8.2;"Dan Kwan;Daniel Scheinert";2h 19m;An aging Chinese immigrant is swept up in an insane adventure, where she alone can save the world by exploring other universes connecting with the lives she could have led.
70;60;"Sci-Fi;Drama";Ex Machina;2014;false;;7.7;Alex Garland;1h 48m;A young programmer is selected to participate in a groundbreaking experiment in synthetic intelligence by evaluating the human qualities of a highly advanced humanoid A.I.
71;61;"Crime;Thriller";Fargo;1996;false;;8.1;Joel Coen;1h 38m;Minnesota car salesman Jerry Lundegaard's inept crime falls apart due to his and his henchmen's bungling and the persistent police work of the quite pregnant Marge Gunderson.
72;62;Drama;Fight Club;1999;false;;8.7;David Fincher;2h 19m;An insomniac office worker and a devil-may-care soap maker form an underground fight club that evolves into much more.
73;63;"Adventure;Comedy;Animation";Finding Nemo;2003;true;vivid-orange;8.1;"Andrew Stanton;Lee Unkrich";1h 40m;After his son is captured in the Great Barrier Reef and taken to Sydney, a timid clownfish sets out on a journey to bring him home.
74;64;Western;For a Few Dollars More;1965;false;;8.2;Sergio Leone;2h 12m;Two bounty hunters with the same intentions team up to track down an escaped Mexican outlaw.
75;65;"Drama;Action;Biography";Ford v Ferrari;2019;false;;8.0;James Mangold;2h 32m;American car designer Carroll Shelby and driver Ken Miles battle corporate interference and the laws of physics to build a revolutionary race car for Ford in order to defeat Ferrari at the 24 Hours of Le Mans in 1966.
76;66;"Drama;Romance";Forrest Gump;1994;false;;8.8;Robert Zemeckis;2h 22m;The presidencies of Kennedy and Johnson, the Vietnam War, the Watergate scandal and other historical events unfold from the perspective of an Alabama man with an IQ of 75, whose only desire is to be reunited with his childhood sweetheart.
77;67;"Drama;War";Full Metal Jacket;1987;true;vivid-green;8.2;Stanley Kubrick;1h 56m;A pragmatic U.S. Marine observes the dehumanizing effects the Vietnam War has on his fellow recruits from their brutal boot camp training to the bloody street fighting in Hue.
78;68;"Drama;Biography";Gandhi;1982;false;;8.0;Richard Attenborough;3h 11m;The life of the lawyer who became the famed leader of the Indian revolts against the British rule through his philosophy of nonviolent protest.
79;69;"Horror;Mystery";Get Out;2017;false;;7.8;Jordan Peele;1h 44m;A young African-American visits his white girlfriend's parents for the weekend, where his simmering uneasiness about their reception of him eventually reaches a boiling point.
80;70;"Drama;Action;Adventure";Gladiator;2000;true;bright-yellow;8.5;Ridley Scott;2h 35m;A former Roman General sets out to exact vengeance against the corrupt emperor who murdered his family and sent him into slavery.
81;71;"Drama;Mystery;Thriller";Gone Girl;2014;true;teal;8.1;David Fincher;2h 29m;With his wife's disappearance having become the focus of an intense media circus, a man sees the spotlight turned on him when it's suspected that he may not be innocent.
82;72;"Drama;Romance;War";Gone with the Wind;1939;false;;8.1;Victor Fleming;3h 58m;The manipulative daughter of a Georgia plantation owner conducts a turbulent romance with a roguish profiteer during the American Civil War and Reconstruction periods.
83;73;"Drama;Romance";Good Will Hunting;1997;true;electric-cyan;8.3;Gus Van Sant;2h 6m;Will Hunting, a janitor at M.I.T., has a gift for mathematics, but needs help from a psychologist to find direction in his life.
84;74;"Drama;Crime;Biography";Goodfellas;1990;false;;8.7;Martin Scorsese;2h 25m;The story of Henry Hill and his life in the mob, covering his relationship with his wife Karen Hill and his mob partners Jimmy Conway and Tommy DeVito in the Italian-American crime syndicate.
85;75;Drama;Gran Torino;2008;true;rich-indigo;8.1;Clint Eastwood;1h 56m;Disgruntled Korean War veteran Walt Kowalski sets out to reform his neighbor, Thao Lor, a Hmong teenager who tried to steal Kowalski's prized possession: a 1972 Gran Torino.
86;76;"Drama;War;Animation";Grave of the Fireflies;1988;false;;8.4;Isao Takahata;1h 29m;A young boy and his little sister struggle to survive in Japan during World War II.
87;77;"Drama;Comedy;Biography";Green Book;2018;true;electric-cyan;8.2;Peter Farrelly;2h 10m;A working-class Italian-American bouncer becomes the driver for an African-American classical pianist on a tour of venues through the 1960s American South.
88;78;"Drama;Comedy;Fantasy";Groundhog Day;1993;false;;8.0;Harold Ramis;1h 41m;A self-centered Pittsburgh weatherman finds himself inexplicably trapped in a small town as he lives the same day over and over again.
89;79;"Sci-Fi;Action;Adventure;Comedy";Guardians of the Galaxy;2014;true;deep-magenta;8.0;James Gunn;2h 1m;A group of intergalactic criminals must pull together to stop a fanatical warrior with plans to purge the universe.
90;80;"Drama;Biography;Family";Hachi: A Dog's Tale;2009;false;;8.0;Lasse Hallström;1h 33m;A college professor bonds with an abandoned dog he takes into his home.
91;81;"Drama;Biography;History";Hacksaw Ridge;2016;false;;8.1;Mel Gibson;2h 19m;World War II American Army Medic Desmond T. Doss, who served during the Battle of Okinawa, refuses to kill people and becomes the first man in American history to receive the Medal of Honor without firing a shot.
92;82;"Drama;Biography;History";Hamilton;2020;false;;8.2;Thomas Kail;2h 40m;The real life of one of America's foremost founding fathers and first Secretary of the Treasury, Alexander Hamilton. Captured live on Broadway from the Richard Rodgers Theater with the original Broadway cast.
93;83;"Drama;Action;Mystery";Hara-Kiri;1962;false;;8.4;Masaki Kobayashi;2h 13m;When a ronin requesting seppuku at a feudal lord's palace is told of the brutal suicide of another ronin who previously visited, he reveals how their pasts are intertwined - and in doing so challenges the clan's integrity.
94;84;"Fantasy;Adventure";Harry Potter and the Philosopher's Stone;2001;false;;7.6;Chris Columbus;2h 32m;An orphaned boy enrolls in a school of wizardry, where he learns the truth about himself, his family and the terrible evil that haunts the magical world.
95;84;"Fantasy;Adventure";Harry Potter and the Chamber of Secrets;2002;false;;7.4;Chris Columbus;2h 41m;An ancient prophecy seems to be coming true when a mysterious presence begins stalking the corridors of a school of magic and leaving its victims paralyzed.
96;84;"Fantasy;Adventure";Harry Potter and the Prisoner of Azkaban;2004;false;;7.9;Alfonso Cuarón;2h 22m;Harry Potter, Ron and Hermione return to Hogwarts School of Witchcraft and Wizardry for their third year of study, where they delve into the mystery surrounding an escaped prisoner who poses a dangerous threat to the young wizard.
97;84;"Fantasy;Adventure";Harry Potter and the Goblet of Fire;2005;false;;7.7;Mike Newell;2h 37m;Harry Potter finds himself competing in a hazardous tournament between rival schools of magic, but he is distracted by recurring nightmares.
98;84;"Fantasy;Adventure";Harry Potter and the Half-Blood Prince;2009;false;;7.6;David Yates;2h 34m;"As Harry Potter begins his sixth year at Hogwarts, he discovers an old book marked as ""the property of the Half-Blood Prince"" and begins to learn more about Lord Voldemort's dark past."
99;84;"Fantasy;Adventure";Harry Potter and the Order of the Phoenix;2007;false;;7.5;David Yates;2h 18m;With their warning about Lord Voldemort's return scoffed at, Harry and Dumbledore are targeted by the Wizard authorities as an authoritarian bureaucrat slowly seizes power at Hogwarts.
100;84;"Fantasy;Adventure";Harry Potter and the Deathly Hallows – Part 1;2010;false;;7.7;David Yates;2h 26m;As Harry, Ron, and Hermione race against time and evil to destroy the Horcruxes, they uncover the existence of the three most powerful objects in the wizarding world: the Deathly Hallows.
101;84;"Fantasy;Adventure";Harry Potter and the Deathly Hallows – Part 2;2011;false;;8.1;David Yates;2h 10m;Harry, Ron, and Hermione search for Voldemort's remaining Horcruxes in their effort to destroy the Dark Lord as the final battle rages on at Hogwarts.
102;85;"Drama;Crime;Action";Heat;1995;false;;8.2;Michael Mann;2h 50m;A group of high-end professional thieves start to feel the heat from the LAPD when they unknowingly leave a clue at their latest heist.
103;86;"Horror;Thriller";Hereditary;2018;false;;7.3;Ari Aster;2h 7m;A grieving family is haunted by tragic and disturbing occurrences after the death of their secretive grandmother.
104;87;"Drama;Crime;Mystery";High and Low;1963;false;;8.3;Akira Kurosawa;2h 23m;An executive of a Yokohama shoe company becomes a victim of extortion when his chauffeur's son is kidnapped by mistake and held for ransom.
105;88;"Comedy;Family";Home Alone;1990;false;;7.7;Chris Columbus;1h 43m;An eight-year-old troublemaker must protect his house from a pair of burglars when he is accidentally left home alone by his family during Christmas vacation.
106;88;"Comedy;Family";Home Alone 2: Lost in New York;1992;false;;6.8;Chris Columbus;2h 00m;One year after Kevin McCallister was left home alone and had to defeat a pair of bumbling burglars, he accidentally finds himself stranded in New York City - and the same criminals are not far behind.
107;89;"Drama;Biography;History";Hotel Rwanda;2004;false;;8.1;Terry George;2h 1m;Paul Rusesabagina, a hotel manager, houses over a thousand Tutsi refugees during their struggle against the Hutu militia in Rwanda, Africa.
108;90;"Animatio;Action;Adventuren";How to Train Your Dragon;2010;false;;8.1;Chris Sanders, Dean DeBlois;1h 38m;A hapless young Viking who aspires to hunt dragons becomes the unlikely friend of a young dragon himself, and learns there may be more to the creatures than he assumed.
109;90;"Animatio;Action;Adventuren";How to Train Your Dragon 2;2014;false;;7.8;Dean DeBlois;1h 42m;When Hiccup and Toothless discover an ice cave that is home to hundreds of new wild dragons and the mysterious Dragon Rider, the two friends find themselves at the center of a battle to protect the peace.
110;90;"Animatio;Action;Adventuren";How to Train Your Dragon: The Hidden World;2019;false;;7.4;Dean DeBlois;1h 44m;"When Hiccup discovers Toothless isn't the only Night Fury, he must seek ""The Hidden World"", a secret Dragon Utopia before a hired tyrant named Grimmel finds it first."
111;91;"Adventure;Family;Animation";Howl's Moving Castle;2004;false;;8.1;Hayao Miyazaki;1h 59m;When an unconfident young woman is cursed with an old body by a spiteful witch, her only chance of breaking the spell lies with a self-indulgent yet insecure young wizard and his companions in his legged, walking castle.
112;92;Drama;Ikiru;1952;false;;8.2;Akira Kurosawa;2h 23m;A bureaucrat tries to find meaning in his life after he discovers he has terminal cancer.
113;93;"Drama;Romance";In the Mood for Love;2000;false;;8.1;Wong Kar-wai;1h 38m;Two neighbors form a strong bond after both suspect extramarital activities of their spouses. However, they agree to keep their bond platonic so as not to commit similar wrongs.
114;94;"Drama;Biography;Crime";In the Name of the Father;1993;false;;8.1;Jim Sheridan;2h 13m;A man's coerced confession to an I.R.A. bombing he did not commit results in the imprisonment of his father as well. An English lawyer fights to free them.
115;95;"Drama;Mystery";Incendies;2010;false;;8.2;Denis Villeneuve;2h 11m;Twins journey to the Middle East to discover their family history and fulfill their mother's last wishes.
116;96;"Action;Adventure;Sci-Fi";Inception;2010;false;;8.7;Christopher Nolan;2h 28m;A thief who steals corporate secrets through the use of dream-sharing technology is given the inverse task of planting an idea into the mind of a C.E.O., but his tragic past may doom the project and his team to disaster.
117;97;"Adventure;Action";Indiana Jones and the Raiders of the Lost Ark;1981;false;;8.4;Steven Spielberg;1h 55m;In 1936, archaeologist and adventurer Indiana Jones is hired by the U.S. government to find the Ark of the Covenant before Adolf Hitler's Nazis can obtain its awesome powers.
118;97;"Action;Adventure";Indiana Jones and the Temple of Doom;1984;false;;7.5;Steven Spielberg;1h 58m;In 1935, Indiana Jones arrives in India, still part of the British Empire, and is asked to find a mystical stone. He then stumbles upon a secret cult committing enslavement and human sacrifices in the catacombs of an ancient palace.
119;97;"Action;Adventure";Indiana Jones and the Last Crusade;1989;false;;8.2;Steven Spielberg;2h 7m;"In 1938, after his father Professor Henry Jones, Sr. goes missing while pursuing the Holy Grail, Professor Henry ""Indiana"" Jones, Jr. finds himself up against Adolf Hitler's Nazis again to stop them from obtaining its powers."
120;97;"Action;Adventure";Indiana Jones and the Kingdom of the Crystal Skull;2008;false;;6.1;Steven Spielberg;2h 2m;In 1957, Indiana Jones becomes entangled in a Soviet plot to uncover the secret behind mysterious artifacts known as the Crystal Skulls.
121;98;"Drama;Adventure;War";Inglourious Basterds;2009;false;;8.3;Quentin Tarantino;2h 33m;In Nazi-occupied France during World War II, a plan to assassinate Nazi leaders by a group of Jewish U.S. soldiers coincides with a theatre owner's vengeful plans for the same.
122;99;"Adventure;Comedy;Animation";Inside Out;2015;true;lime-green;8.1;"Ronnie Del Carmen;Pete Docter";1h 35m;After young Riley is uprooted from her Midwest life and moved to San Francisco, her emotions - Joy, Fear, Anger, Disgust and Sadness - conflict on how best to navigate a new city, house, and school.
123;100;"Drama;Adventure;Sci-Fi";Interstellar;2014;false;;8.6;Christopher Nolan;2h 49m;A team of explorers travel through a wormhole in space in an attempt to ensure humanity's survival.
124;101;"Drama;Adventure;Biography";Into the Wild;2007;true;warm-coral;8.0;Sean Penn;2h 28m;After graduating from Emory University, top student and athlete Christopher McCandless abandons his possessions, gives his entire $24,000 savings account to charity and hitchhikes to Alaska to live in the wilderness. Along the way, Christopher encounters a series of characters that shape his life.
125;102;"Romance;Comedy";It Happened One Night;1934;false;;8.0;Frank Capra;1h 45m;A renegade reporter trailing a young runaway heiress for a big story joins her on a bus heading from Florida to New York, and they end up stuck with each other when the bus leaves them behind at one of the stops.
126;103;"Drama;Fantasy;Family";It's a Wonderful Life;1946;false;;8.6;Frank Capra;2h 10m;An angel is sent from Heaven to help a desperately frustrated businessman by showing him what life would have been like if he had never existed.
127;104;"Drama;Crime;Mystery";Jai Bhim;2021;false;;8.0;T.J. Gnanavel;2h 44m;When a tribal man is arrested for a case of alleged theft, his wife turns to a human-rights lawyer to help bring justice.
128;105;"Adventure;Thriller";Jaws;1975;false;;8.1;Steven Spielberg;2h 4m;When a killer shark unleashes chaos on a beach community off Long Island, it's up to a local sheriff, a marine biologist, and an old seafarer to hunt the beast down.
129;106;"Drama;Crime;Thriller";Joker;2019;false;;8.3;Todd Phillips;2h 2m;A mentally troubled stand-up comedian embarks on a downward spiral that leads to the creation of an iconic villain.
130;107;"Drama;War";Judgment at Nuremberg;1961;false;;8.2;Stanley Kramer;2h 59m;In 1948, an American court in occupied Germany tries four Nazis judged for war crimes.
131;108;"Action;Adventure;Sci-Fi";Jurassic Park;1993;false;;8.2;Steven Spielberg;2h 7m;A pragmatic paleontologist visiting an almost complete theme park is tasked with protecting a couple of kids after a power failure causes the park's cloned dinosaurs to run loose.
132;109;"Action;Crime;Thriller";Kill Bill: Vol. 1;2003;true;bright-yellow;8.2;Quentin Tarantino;1h 51m;After awakening from a four-year coma, a former assassin wreaks vengeance on the team of assassins who betrayed her.
133;109;"Action;Crime;Thriller";Kill Bill: Vol. 2;2004;false;;8.0;Quentin Tarantino;2h 17m;The Bride continues her quest of vengeance against her former boss and lover Bill, the reclusive bouncer Budd, and the treacherous, one-eyed Elle.
134;110;"Biography;Drama";Killers of the Flower Moon;2023;false;;7.8;Martin Scorsese;3h 26m;Members of the Osage tribe in the United States are murdered under mysterious circumstances in the 1920s, sparking a major F.B.I. investigation involving J. Edgar Hoover.
135;111;"Adventure;Comedy;Animation";Klaus;2019;false;;8.1;"Carlos Martínez López;Sergio Pablos";1h 36m;A simple act of kindness always sparks another, even in a frozen, faraway place. When Smeerensburg's new postman, Jesper, befriends toymaker Klaus, their gifts melt an age-old feud and deliver a sleigh full of holiday traditions.
136;112;"Drama;Crime;Mystery";L.A. Confidential;1997;false;;8.2;Curtis Hanson;2h 18m;As corruption grows in 1950s Los Angeles, three policemen - one strait-laced, one brutal, and one sleazy - investigate a series of murders with their own brand of justice.
137;113;"Drama;Crime";La Haine;1995;false;;8.0;Mathieu Kassovitz;1h 38m;24 hours in the lives of three young men in the French suburbs the day after a violent riot.
138;114;"Comedy;Drama";Lady Bird;2017;false;;7.4;Greta Gerwig;1h 34m;In 2002, an artistically inclined seventeen-year-old girl comes of age in Sacramento, California.
139;115;"Drama;Adventure;Biography";Lawrence of Arabia;1962;false;;8.3;David Lean;3h 38m;The story of T.E. Lawrence, the English officer who successfully united and led the diverse, often warring, Arab tribes during World War I in order to fight the Turks.
140;116;"Drama;Crime;Action";Léon: The Professional;1994;false;;8.5;Luc Besson;1h 50m;12-year-old Mathilda is reluctantly taken in by Léon, a professional assassin, after her family is murdered. An unusual relationship forms as she becomes his protégée and learns the assassin's trade.
141;117;"Drama;Romance;Comedy";Life Is Beautiful;1997;false;;8.6;Roberto Benigni;1h 56m;When an open-minded Jewish waiter and his son become victims of the Holocaust, he uses a perfect mixture of will, humor, and imagination to protect his son from the dangers around their camp.
142;118;Comedy;Life of Brian;1979;false;;8.0;Terry Jones;1h 34m;Born on the original Christmas in the stable next door to Jesus Christ, Brian of Nazareth spends his life being mistaken for a messiah.
143;119;"Drama;Family";Like Stars on Earth;2007;false;;8.2;Aamir Khan;2h 45m;An eight-year-old boy is thought to be a lazy trouble-maker, until the new art teacher has the patience and compassion to discover the real problem behind his struggles in school.
144;120;"Action;Crime;Comedy";Lock, Stock and Two Smoking Barrels;1998;false;;8.1;Guy Ritchie;1h 47m;Eddy persuades his three pals to pool money for a vital poker game against a powerful local mobster, Hatchet Harry. Eddy loses, after which Harry gives him a week to pay back 500,000 pounds.
145;121;"Drama;Action;Sci-Fi";Logan;2017;false;;8.0;James Mangold;2h 17m;In a future where mutants are nearly extinct, an elderly and weary Logan leads a quiet life. But when Laura, a mutant child pursued by scientists, comes to him for help, he must get her to safety.
146;122;"Comedy;Drama;Romance";Lost in Translation;2003;false;;7.7;Sofia Coppola;1h 42m;A faded movie star and a neglected young woman form an unlikely bond after crossing paths in Tokyo.
147;123;"Crime;Mystery;Thriller";M;1931;false;;8.3;Fritz Lang;1h 39m;When the police in a German city are unable to catch a child-murderer, other criminals join in the manhunt.
148;124;"Action;Adventure;Sci-Fi";Mad Max: Fury Road;2015;false;;8.1;George Miller;2h;In a post-apocalyptic wasteland, a woman rebels against a tyrannical ruler in search for her homeland with the aid of a group of female prisoners, a psychotic worshiper, and a drifter named Max.
149;125;"Drama;Comedy;Animation";Mary and Max;2009;false;;8.1;Adam Elliot;1h 32m;A tale of friendship between two unlikely pen pals: Mary, a lonely, eight-year-old girl living in the suburbs of Melbourne, and Max, a forty-four-year old, severely obese man living in New York.
150;126;"Mystery;Thriller";Memento;2000;true;bright-red-orange;8.4;Christopher Nolan;1h 53m;A man with short-term memory loss attempts to track down his wife's murderer.
151;127;"Drama;Crime;Mystery";Memories of Murder;2003;false;;8.1;Bong Joon Ho;2h 12m;In a small Korean province in 1986, two detectives struggle with the case of multiple young women being found raped and murdered by an unknown culprit.
152;128;"Drama;Sci-Fi";Metropolis;1927;false;;8.2;Fritz Lang;2h 33m;In a futuristic city sharply divided between the working class and the city planners, the son of the city's mastermind falls in love with a working-class prophet who predicts the coming of a savior to mediate their differences.
153;129;"Horror;Drama";Midsommar;2019;false;;7.1;Ari Aster;2h 28m;A couple travels to Northern Europe to visit a rural Swedish town's fabled mid-summer festival. What begins as an idyllic retreat quickly devolves into an increasingly violent and bizarre competition at the hands of a pagan cult.
154;130;"Drama;Sport";Million Dollar Baby;2004;false;;8.1;Clint Eastwood;2h 12m;A determined woman works with a hardened boxing trainer to become a professional.
155;131;"Drama;Romance;Comedy";Modern Times;1936;false;;8.4;Charles Chaplin;1h 27m;The Tramp struggles to live in modern industrial society with the help of a young homeless woman.
156;132;"Adventure;Comedy;Animation";Monsters, Inc.;2001;false;;8.1;"Lee Unkrich;Pete Docter;David Silverman";1h 32m;In order to power the city, monsters have to scare children so that they scream. However, the children are toxic to the monsters, and after a child gets through, two monsters realize things may not be what they think.
157;133;"Adventure;Comedy;Fantasy";Monty Python and the Holy Grail;1975;true;deep-magenta;8.2;"Terry Jones;Terry Gilliam";1h 31m;King Arthur and his Knights of the Round Table embark on a surreal, low-budget search for the Holy Grail, encountering many, very silly obstacles.
158;134;"Drama;Romance";Moonlight;2016;false;;7.4;Barry Jenkins;1h 51m;A young African-American man grapples with his identity and sexuality while experiencing the everyday struggles of childhood, adolescence, and burgeoning adulthood.
159;135;"Drama;Comedy";Mr. Smith Goes to Washington;1939;false;;8.1;Frank Capra;2h 9m;A naive youth leader is appointed to fill a vacancy in the U.S. Senate. His idealistic plans promptly collide with corruption at home and subterfuge from his hero in Washington, but he tries to forge ahead despite attacks on his character.
160;136;"Mystery;Drama;Thriller";Mulholland Drive;2001;false;;7.9;David Lynch;2h 27m;After a car wreck on the winding Mulholland Drive renders a woman amnesiac, she and a perky Hollywood-hopeful search for clues and answers across Los Angeles in a twisting venture beyond dreams and reality.
161;137;"Drama;Family";My Father and My Son;2005;false;;8.0;Cagan Irmak;1h 52m;The family of a left-wing journalist is torn apart after the military coup of Turkey in 1980.
162;138;"Comedy;Animation;Family";My Neighbor Totoro;1988;true;teal;8.1;Hayao Miyazaki;1h 26m;When two girls move to the country to be near their ailing mother, they have adventures with the wondrous forest spirits who live nearby.
163;139;Drama;Network;1976;false;;8.0;Sidney Lumet;2h 1m;A television network cynically exploits a deranged former anchor's ravings and revelations about the news media for its own profit, but finds that his message may be difficult to control.
164;140;"Horror;Mystery";Night of the Living Dead;1968;false;;7.8;George A. Romero;1h 36m;A ragtag group of Pennsylvanians barricade themselves in an old farmhouse to remain safe from a bloodthirsty, flesh-eating breed of monsters who are ravaging the East Coast of the United States.
165;141;"Drama;Crime;Thriller";No Country for Old Men;2007;false;;8.1;"Joel Coen;Ethan Coen";2h 2m;Violence and mayhem ensue after a hunter stumbles upon a drug deal gone wrong and more than two million dollars in cash near the Rio Grande.
166;142;"Adventure;Action;Mystery";North by Northwest;1959;false;;8.3;Alfred Hitchcock;2h 16m;A New York City advertising executive goes on the run after being mistaken for a government agent by a group of foreign spies, and falls for a woman whose loyalties he begins to doubt.
167;143;"Drama;Action;Mystery";Oldboy;2003;false;;8.3;Park Chan-wook;2h;After being kidnapped and imprisoned for fifteen years, Oh Dae-Su is released, only to find that he must find his captor in five days.
168;144;"Drama;Crime;Thriller";On the Waterfront;1954;false;;8.1;Elia Kazan;1h 48m;An ex-prize fighter turned New Jersey longshoreman struggles to stand up to his corrupt union bosses, including his older brother, as he starts to connect with the grieving sister of one of the syndicate's victims.
169;145;"Drama;Crime";Once Upon a Time in America;1984;false;;8.3;Sergio Leone;3h 49m;A former Prohibition-era Jewish gangster returns to the Lower East Side of Manhattan 35 years later, where he must once again confront the ghosts and regrets of his old life.
170;146;Western;Once Upon a Time in the West;1968;false;;8.4;Sergio Leone;2h 45m;A mysterious stranger with a harmonica joins forces with a notorious desperado to protect a beautiful widow from a ruthless assassin working for the railroad.
171;147;Drama;One Flew Over the Cuckoo's Nest;1975;true;vibrant-blue;8.6;Milos Forman;2h 13m;A criminal pleads insanity and is admitted to a mental institution, where he rebels against the oppressive nurse and rallies up the scared patients.
172;148;"Drama;Fantasy;War";Pan's Labyrinth;2006;false;;8.2;Guillermo del Toro;1h 58m;Ofelia moves with her mother to her stepfather's house. At night, a fairy leads her to a faun who informs her that she is a princess and she needs to participate in three tasks to prove her royalty.
173;149;"Drama;Comedy;Thriller";Parasite;2019;false;;8.5;Bong Joon Ho;2h 12m;Greed and class discrimination threaten the newly formed symbiotic relationship between the wealthy Park family and the destitute Kim clan.
174;150;"Drama;Horror";Past Lives;2023;false;;7.9;Celine Song;1h 45m;Nora and Hae Sung, two deeply connected childhood friends, are wrested apart after Nora's family emigrates from South Korea. Twenty years later, they are reunited for one fateful week.
175;151;Drama;Pather Panchali;1955;false;;8.0;Satyajit Ray;2h 5m;Impoverished priest Harihar Ray, dreaming of a better life for himself and his family, leaves his rural Bengal village in search of work.
176;152;"Drama;War";Paths of Glory;1957;false;;8.4;Stanley Kubrick;1h 28m;After refusing to attack an enemy position, a general accuses the soldiers of cowardice and their commanding officer must defend them.
177;153;"Drama;Thriller";Persona;1966;false;;8.0;Ingmar Bergman;1h 23m;A nurse is put in charge of a mute actress and finds that their personae are melding together.
178;154;"Action;Adventure;Fantasy";Pirates of the Caribbean: The Curse of the Black Pearl;2003;false;;8.0;Gore Verbinski;2h 23m;Blacksmith Will Turner teams up with eccentric pirate Captain Jack Sparrow to save his love, the governor's daughter, from Jack's former pirate allies, who are now undead.
179;155;"Drama;War";Platoon;1986;false;;8.0;Oliver Stone;2h;Chris Taylor, a neophyte recruit in Vietnam, finds himself caught in a battle of wills between two sergeants, one good and the other evil. A shrewd examination of the brutality of war and the duality of man in conflict.
180;156;"Comedy;Drama;Sci-Fi";Poor Things;2023;false;;8.4;Yorgos Lanthimos;2h 21m;The incredible tale of Bella Baxter, a young woman brought back to life by the brilliant and unorthodox scientist Dr. Godwin Baxter. Under Baxter's protection, Bella is eager to learn, but hungry for worldly experience.
181;157;"Adventure;Animation;Fantasy";Princess Mononoke;1997;false;;8.3;Hayao Miyazaki;2h 14m;On a journey to find the cure for a Tatarigami's curse, Ashitaka finds himself in the middle of a war between the forest gods and Tatara, a mining colony. In this quest he also meets San, the Mononoke Hime.
182;158;"Drama;Crime;Mystery";Prisoners;2013;false;;8.1;Denis Villeneuve;2h 33m;When Keller Dover's daughter and her friend go missing, he takes matters into his own hands as the police pursue multiple leads and the pressure mounts.
183;159;"Mystery;Thriller;Horror";Psycho;1960;false;;8.5;Alfred Hitchcock;1h 49m;A Phoenix secretary embezzles $40,000 from her employer's client, goes on the run, and checks into a remote motel run by a young man under the domination of his mother.
184;160;"Drama;Crime";Pulp Fiction;1994;false;;8.9;Quentin Tarantino;2h 34m;The lives of two mob hitmen, a boxer, a gangster and his wife, and a pair of diner bandits intertwine in four tales of violence and redemption.
185;161;"Drama;Biography;Sport";Raging Bull;1980;false;;8.1;Martin Scorsese;2h 9m;The life of boxer Jake LaMotta, whose violence and temper that led him to the top in the ring destroyed his life outside of it.
186;162;"Drama;Comedy";Rain Man;1988;true;strong-purple;8.0;Barry Levinson;2h 13m;After a selfish L.A. yuppie learns his estranged father left a fortune to an autistic-savant brother in Ohio that he didn't know existed, he absconds with his brother and sets out across the country, hoping to gain a larger inheritance.
187;163;"Drama;Action;War";Ran;1985;false;;8.2;Akira Kurosawa;2h 42m;In Medieval Japan, an elderly warlord retires, handing over his empire to his three sons. However, he vastly underestimates how the new-found power will corrupt them and cause them to turn on each other...and him.
188;164;"Drama;Crime;Mystery";Rashomon;1950;false;;8.1;Akira Kurosawa;1h 28m;The rape of a bride and the murder of her samurai husband are recalled from the perspectives of a bandit, the bride, the samurai's ghost and a woodcutter.
189;165;"Adventure;Comedy;Animation";Ratatouille;2007;false;;8.0;"Jan Pinkava;Brad Bird";1h 51m;A rat who can cook makes an unusual alliance with a young kitchen worker at a famous Paris restaurant.
190;166;"Mystery;Thriller";Rear Window;1954;false;;8.4;Alfred Hitchcock;1h 52m;A wheelchair-bound photographer spies on his neighbors from his Greenwich Village courtyard apartment window, and becomes convinced one of them has committed murder, despite the skepticism of his fashion-model girlfriend.
191;167;"Drama;Mystery;Film-Noir";Rebecca;1940;false;;8.0;Alfred Hitchcock;2h 10m;A self-conscious woman juggles adjusting to her new role as an aristocrat's wife and avoiding being intimidated by his first wife's spectral presence.
192;168;Drama;Requiem for a Dream;2000;false;;8.3;Darren Aronofsky;1h 42m;The drug-induced utopias of four Coney Island people are shattered when their addictions run deep.
193;169;"Drama;Crime;Thriller";Reservoir Dogs;1992;false;;8.3;Quentin Tarantino;1h 39m;When a simple jewelry heist goes horribly wrong, the surviving criminals begin to suspect that one of them is a police informant.
194;170;"Drama;Sport";Rocky;1976;false;;8.0;John G. Avildsen;2h;A small-time Philadelphia boxer gets a supremely rare chance to fight the world heavyweight champion in a bout in which he strives to go the distance for his self-respect.
195;171;"Drama;Thriller";Room;2015;false;;8.1;Lenny Abrahamson;1h 58m;Held captive for 7 years in an enclosed space, a woman and her young son finally gain their freedom, allowing the boy to experience the outside world for the first time.
196;172;"Drama;Action;Biography";Rush;2013;false;;8.0;Ron Howard;2h 3m;The merciless 1970s rivalry between Formula One rivals James Hunt and Niki Lauda.
197;173;"Comedy;Drama;Thriller";Saltburn;2023;false;;7.1;Emerald Fennell;2h 7m;A student at Oxford University finds himself drawn into the world of a charming and aristocratic classmate, who invites him to his eccentric family's sprawling estate for a summer never to be forgotten.
198;174;"Drama;War";Saving Private Ryan;1998;false;;8.6;Steven Spielberg;2h 49m;Following the Normandy Landings, a group of U.S. soldiers go behind enemy lines to retrieve a paratrooper whose brothers have been killed in action.
199;175;"Drama;Crime";Scarface;1983;false;;8.2;Brian De Palma;2h 50m;In 1980 Miami, a determined Cuban immigrant takes over a drug cartel and succumbs to greed.
200;176;"Drama;History;Biography";Schindler's List;1993;true;deep-magenta;8.9;Steven Spielberg;3h 15m;In German-occupied Poland during World War II, industrialist Oskar Schindler gradually becomes concerned for his Jewish workforce after witnessing their persecution by the Nazis.
201;177;"Drama;Crime;Mystery";Se7en;1995;false;;8.6;David Fincher;2h 7m;Two detectives, a rookie and a veteran, hunt a serial killer who uses the seven deadly sins as his motives.
202;178;"Drama;Action";Seven Samurai;1954;false;;8.6;Akira Kurosawa;3h 27m;"""A veteran samurai, gathers six samurais to protect a village from the cruel bandits. As the samurais teach the natives how to defend themselves, the village is attacked by a pack of 40 bandits."
203;179;"Action;Comedy;Romance";Sherlock Jr.;1924;false;;8.1;Buster Keaton;45m;A film projectionist longs to be a detective, and puts his meagre skills to work when he is framed by a rival for stealing his girlfriend's father's pocketwatch.
204;180;"Mystery;Thriller";Shutter Island;2010;false;;8.1;Martin Scorsese;2h 18m;In 1954, a U.S. Marshal investigates the disappearance of a murderer who escaped from a hospital for the criminally insane.
205;181;"Comedy;Romance;Musical";Singin' in the Rain;1952;false;;8.3;"Stanley Donen;Gene Kelly";1h 43m;A silent film star falls for a chorus girl just as he and his delusionally jealous screen partner are trying to make the difficult transition to talking pictures in 1920s Hollywood.
206;182;"Crime;Comedy";Snatch;2000;false;;8.2;Guy Ritchie;1h 42m;Unscrupulous boxing promoters, violent bookmakers, a Russian gangster, incompetent amateur robbers and supposedly Jewish jewelers fight to track down a priceless stolen diamond.
207;183;"Romance;Comedy;Music";Some Like It Hot;1959;false;;8.2;Billy Wilder;2h 1m;After two male musicians witness a mob hit, they flee the state in an all-female band disguised as women, but further complications set in.
208;184;"Drama;Crime;Biography";Spotlight;2015;false;;8.0;Tom McCarthy;2h 9m;The true story of how the Boston Globe uncovered the massive scandal of child molestation and cover-up within the local Catholic Archdiocese, shaking the entire Catholic Church to its core.
209;185;"Drama;Adventure";Stand by Me;1986;false;;8.0;Rob Reiner;1h 29m;After the death of one of his friends, a writer recounts a childhood journey with his friends to find the body of a missing boy.
210;186;"Action;Adventure;Fantasy";Star Wars: Episode I - The Phantom Menace;1999;false;;6.5;George Lucas;2h 16m;Two Jedi escape a hostile blockade to find allies and come across a young boy who may bring balance to the Force, but the long dormant Sith resurface to claim their original glory.
211;186;"Action;Adventure;Fantasy";Star Wars: Episode II - Attack of the Clones;2002;false;;6.6;George Lucas;2h 22m;Ten years after initially meeting, Anakin Skywalker shares a forbidden romance with Padmé Amidala, while Obi-Wan Kenobi investigates an assassination attempt on the senator and discovers a secret clone army crafted for the Jedi.
212;186;"Action;Adventure;Fantasy";Star Wars: Episode III - Revenge of the Sith;2005;false;;7.6;George Lucas;2h 20m;Three years into the Clone Wars, the Jedi rescue Palpatine from Count Dooku. As Obi-Wan pursues a new threat, Anakin acts as a double agent between the Jedi Council and Palpatine and is lured into a sinister plan to rule the galaxy.
213;186;"Action;Adventure;Fantasy";Star Wars: Episode IV - A New Hope;1977;false;;8.6;George Lucas;2h 1m;Luke Skywalker joins forces with a Jedi Knight, a cocky pilot, a Wookiee and two droids to save the galaxy from the Empire's world-destroying battle station, while also attempting to rescue Princess Leia from the mysterious Darth Vader.
214;186;"Action;Adventure;Fantasy";Star Wars: Episode V - The Empire Strikes Back;1980;false;;8.7;Irvin Kershner;2h 4m;After the Rebels are brutally overpowered by the Empire on the ice planet Hoth, Luke Skywalker begins Jedi training with Yoda, while his friends are pursued by Darth Vader and a bounty hunter named Boba Fett.
215;186;"Action;Adventure;Fantasy";Star Wars: Episode VI - Return of the Jedi;1983;false;;8.3;Richard Marquand;2h 11m;After a daring mission to rescue Han Solo from Jabba the Hutt, the Rebels dispatch to Endor to destroy the second Death Star. Meanwhile, Luke struggles to help Darth Vader back from the dark side without falling into the Emperor's trap.
216;187;"Drama;Film-Noir";Sunset Blvd.;1950;false;;8.4;Billy Wilder;1h 50m;A screenwriter develops a dangerous relationship with a faded film star determined to make a triumphant return.
217;188;"Horror;Mystery;Thriller";Talk to Me;2023;false;;7.1;Danny Philippou, Michael Philippou;1h 35m;When a group of friends discover how to conjure spirits using an embalmed hand, they become hooked on the new thrill, until one of them goes too far and unleashes terrifying supernatural forces.
218;189;"Drama;Crime";Taxi Driver;1976;false;;8.2;Martin Scorsese;1h 54m;A mentally unstable veteran works as a nighttime taxi driver in New York City, where the perceived decadence and sleaze fuels his urge for violent action.
219;190;"Action;Sci-Fi";Terminator;1984;false;;8.1;James Cameron;1h 47m;A human soldier is sent from 2029 to 1984 to stop an almost indestructible cyborg killing machine, sent from the same year, which has been programmed to execute a young woman whose unborn son is the key to humanity's future salvation.
220;190;"Action;Sci-Fi";Terminator 2: Judgment Day;1991;false;;8.6;James Cameron;2h 17m;A cyborg, identical to the one who failed to kill Sarah Connor, must now protect her teenage son, John Connor, from a more advanced and powerful cyborg.
221;191;"Drama;Crime";The 400 Blows;1959;false;;8.0;François Truffaut;1h 39m;A young boy, left without attention, delves into a life of petty crime.
222;192;"Drama;Romance;Comedy";The Apartment;1960;false;;8.2;Billy Wilder;2h 5m;A Manhattan insurance clerk tries to rise in his company by letting its executives use his apartment for trysts, but complications and a romance of his own ensue.
223;193;"Drama;War";The Battle of Algiers;1966;false;;8.0;Gillo Pontecorvo;2h 1m;In the 1950s, fear and violence escalate as the people of Algiers fight for independence from the French government.
224;194;"Drama;Romance;War";The Best Years of Our Lives;1946;false;;8.0;William Wyler;2h 50m;Three World War II veterans, two of them traumatized or disabled, return home to the American midwest to discover that they and their families have been irreparably changed.
225;195;"Crime;Comedy";The Big Lebowski;1998;true;vivid-orange;8.1;Joel Coen;1h 57m;"Ultimate L.A. slacker Jeff ""The Dude"" Lebowski, mistaken for a millionaire of the same name, seeks restitution for a rug ruined by debt collectors, enlisting his bowling buddies for help while trying to find the millionaire's missing wife."
226;196;"Drama;War";The Boat;1981;false;;8.3;Wolfgang Petersen;2h 29m;"The claustrophobic world of a WWII German U-boat; boredom, filth and sheer terror."
227;197;"Comedy;Drama";The Breakfast Club;1985;false;;7.8;John Hughes;1h 37m;Five high school students meet in Saturday detention and discover how they have a lot more in common than they thought.
228;198;"Drama;Adventure;War";The Bridge on the River Kwai;1957;false;;8.1;David Lean;2h 41m;British POWs are forced to build a railway bridge across the river Kwai for their Japanese captors in occupied Burma, not knowing that the allied forces are planning a daring commando raid through the jungle to destroy it.
229;199;"Action;Crime;Drama";The Dark Knight;2008;false;;9.0;Christopher Nolan;2h 32m;When the menace known as the Joker wreaks havoc and chaos on the people of Gotham, Batman must accept one of the greatest psychological and physical tests of his ability to fight injustice.
230;199;"Action;Crime;Drama";The Dark Knight Rises;2012;false;;8.4;Christopher Nolan;2h 44m;Eight years after the Joker's reign of anarchy, Batman, with the help of the enigmatic Catwoman, is forced from his exile to save Gotham City from the brutal guerrilla terrorist Bane.
231;200;"Drama;War";The Deer Hunter;1978;false;;8.1;Michael Cimino;3h 3m;An in-depth examination of the ways in which the Vietnam War impacts and disrupts the lives of several friends in a small steel mill town in Pennsylvania.
232;201;"Drama;Crime;Thriller";The Departed;2006;false;;8.5;Martin Scorsese;2h 31m;An undercover cop and a mole in the police attempt to identify each other while infiltrating an Irish gang in South Boston.
233;202;"Drama;Biography";The Elephant Man;1980;false;;8.1;;2h 4m;A Victorian surgeon rescues a heavily disfigured man who is mistreated while scraping a living as a side-show freak. Behind his monstrous façade, there is revealed a person of kindness, intelligence and sophistication.
234;203;"Horror;Comedy";The Evil Dead;1981;false;;7.5;Sam Raimi;1h 25m;Five friends travel to a cabin in the woods, where they unknowingly release flesh-possessing demons.
235;204;Horror;The Exorcist;1973;false;;8.0;William Friedkin;2h 2m;When a 12-year-old girl is possessed by a mysterious entity, her mother seeks the help of two priests to save her.
236;205;"Drama;Mystery";The Father;2020;false;;8.2;Florian Zeller;1h 37m;A man refuses all assistance from his daughter as he ages. As he tries to make sense of his changing circumstances, he begins to doubt his loved ones, his own mind and even the fabric of his reality.
237;206;"Action;Adventure;Comedy";The General;1926;false;;8.1;"Clyde Bruckman;Buster Keaton";1h 7m;After being rejected by the Confederate military, not realizing it was due to his crucial civilian role, an engineer must single-handedly recapture his beloved locomotive after it is seized by Union spies and return it through enemy lines.
238;207;"Crime;Drama";The Godfather;1972;false;;9.2;Francis Ford Coppola;2h 55m;The aging patriarch of an organized crime dynasty transfers control of his clandestine empire to his reluctant son.
239;207;"Crime;Drama";The Godfather: Part II;1974;false;;9.0;Francis Ford Coppola;3h 22m;The early life and career of Vito Corleone in 1920s New York City is portrayed, while his son, Michael, expands and tightens his grip on the family crime syndicate.
240;207;"Crime;Drama";The Godfather: Part III;1990;false;;7.6;Francis Ford Coppola;2h 42m;In the midst of trying to legitimize his business dealings in New York City and Italy in 1979, aging Mafia Don Michael Corleone seeks to avow for his sins while taking his nephew Vincent Mancini under his wing.
241;208;"Drama;Comedy;Adventure";The Gold Rush;1925;false;;8.1;Charles Chaplin;1h 35m;A prospector goes to the Klondike during the 1890s gold rush in hopes of making his fortune, and is smitten with a girl he sees in a dance hall.
242;209;"Adventure;Western";The Good, the Bad and the Ugly;1966;false;;8.8;Sergio Leone;2h 58m;A bounty hunting scam joins two men in an uneasy alliance against a third in a race to find a fortune in gold buried in a remote cemetery.
243;210;"Adventure;Crime;Comedy";The Grand Budapest Hotel;2014;false;;8.1;Wes Anderson;1h 39m;A writer encounters the owner of an aging high-class hotel, who tells him of his early years serving as a lobby boy in the hotel's glorious years under an exceptional concierge.
244;211;Drama;The Grapes of Wrath;1940;false;;8.0;John Ford;2h 9m;An Oklahoma family, driven off their farm by the poverty and hopelessness of the Dust Bowl, joins the westward migration to California, suffering the misfortunes of the homeless in the Great Depression.
245;212;"Drama;Comedy;War";The Great Dictator;1940;false;;8.4;Charles Chaplin;2h 5m;Dictator Adenoid Hynkel tries to expand his empire while a poor Jewish barber tries to avoid persecution from Hynkel's regime.
246;213;"Drama;Adventure;History";The Great Escape;1963;false;;8.1;John Sturges;2h 52m;Allied prisoners of war plan for several hundred of their number to escape from a German camp during World War II.
247;214;"Drama;Crime;Fantasy";The Green Mile;1999;false;;8.6;Frank Darabont;3h 9m;The lives of guards on Death Row are affected by one of their charges: a black man accused of child murder and rape, yet who has a mysterious gift.
248;215;"Drama;Romance;Thriller";The Handmaiden;2016;false;;8.0;Park Chan-wook;2h 25m;A woman is hired as a handmaiden to a Japanese heiress, but secretly she is involved in a plot to defraud her.
249;216;Drama;The Help;2011;false;;8.0;Tate Taylor;2h 26m;An aspiring author during the civil rights movement of the 1960s decides to write a book detailing the African American maids' point of view on the white families for which they work, and the hardships they go through on a daily basis.
250;217;Drama;The Hunt;2012;false;;8.3;Thomas Vinterberg;1h 55m;A teacher lives a lonely life, all the while struggling over his son's custody. His life slowly gets better as he finds love and receives good news from his son, but his new luck is about to be brutally shattered by an innocent little lie.
251;218;"Action;Adventure;Animation";The Incredibles;2004;false;;8.0;Brad Bird;1h 55m;While trying to lead a quiet suburban life, a family of undercover superheroes are forced into action to save the world.
252;219;"Drama;Biography;Comedy";The Intouchables;2011;false;;8.5;"Olivier Nakache;Éric Toledano";1h 52m;After he becomes a quadriplegic from a paragliding accident, an aristocrat hires a young man from the projects to be his caregiver.
253;220;"Drama;Comedy;Family";The Kid;1921;false;;8.2;Charles Chaplin;1h 8m;The Tramp cares for an abandoned child, but events put their relationship in jeopardy.
254;221;"Horror;Drama;Fantasy";The Lighthouse;2019;false;;7.4;Robert Eggers;1h 49m;Two lighthouse keepers try to maintain their sanity while living on a remote and mysterious New England island in the 1890s.
255;222;"Drama;Adventure;Animation";The Lion King;1994;false;;8.5;"Roger Allers;Rob Minkoff";1h 28m;Lion prince Simba and his father are targeted by his bitter uncle, who wants to ascend the throne himself.
256;223;"Drama;Mystery;Thriller";The Lives of Others;2006;false;;8.4;Florian Henckel von Donnersmarck;2h 17m;In 1984 East Berlin, an agent of the secret police, conducting surveillance on a writer and his lover, finds himself becoming increasingly absorbed by their lives.
257;224;"Drama;Action;Adventure";The Lord of the Rings: The Fellowship of the Ring;2001;true;teal;8.8;Peter Jackson;2h 58m;A meek Hobbit from the Shire and eight companions set out on a journey to destroy the powerful One Ring and save Middle-earth from the Dark Lord Sauron.
258;224;"Drama;Action;Adventure";The Lord of the Rings: The Two Towers;2002;true;teal;8.7;Peter Jackson;2h 59m;While Frodo and Sam edge closer to Mordor with the help of the shifty Gollum, the divided fellowship makes a stand against Sauron's new ally, Saruman, and his hordes of Isengard.
259;224;"Drama;Action;Adventure";The Lord of the Rings: The Return of the King;2003;true;teal;8.9;Peter Jackson;3h 21m;Gandalf and Aragorn lead the World of Men against Sauron's army to draw his gaze from Frodo and Sam as they approach Mount Doom with the One Ring.
260;225;"Action;Sci-Fi";The Matrix;1999;false;;8.7;Lana Wachowski, Lilly Wachowski;2h 16m;A computer programmer discovers that reality as he knows it is a simulation created by machines, and joins a rebellion to break free.
261;226;"Drama;Thriller";The Menu;2022;false;;7.2;Mark Mylod;1h 47m;A young couple travels to a remote island to eat at an exclusive restaurant where the chef has prepared a lavish menu, with some shocking surprises.
262;227;"Drama;Biography;History";The Passion of Joan of Arc;1928;false;;8.1;Carl Theodor Dreyer;1h 54m;In 1431, Jeanne d'Arc is placed on trial on charges of heresy. The ecclesiastical jurists attempt to force Jeanne to recant her claims of holy visions.
263;228;"Drama;Biography;Music";The Pianist;2002;false;;8.5;Roman Polanski;2h 30m;A Polish Jewish musician struggles to survive the destruction of the Warsaw ghetto of World War II.
264;229;"Drama;Mystery;Sci-Fi";The Prestige;2006;true;bright-yellow;8.5;Christopher Nolan;2h 10m;After a tragic accident, two stage magicians in 1890s London engage in a battle to create the ultimate illusion while sacrificing everything they have to outwit each other.
265;230;"Comedy;Musical";The Rocky Horror Picture Show;1975;false;;7.4;Jim Sharman;1h 40m;A newly engaged couple have a breakdown in an isolated area and must seek shelter at the bizarre residence of Dr. Frank-n-Furter.
266;231;"Drama;Romance;Mystery";The Secret in Their Eyes;2009;false;;8.1;Juan José Campanella;2h 9m;A retired legal counselor writes a novel hoping to find closure for one of his past unresolved homicide cases and for his unreciprocated love with his superior - both of which still haunt him decades later.
267;232;"Drama;Fantasy";The Seventh Seal;1957;false;;8.1;Ingmar Bergman;1h 36m;A knight returning to Sweden after the Crusades seeks answers about life, death, and the existence of God as he plays chess against the Grim Reaper during the Black Plague.
268;233;Drama;The Shawshank Redemption;1994;false;;9.2;Frank Darabont;2h 22m;Two imprisoned men bond over a number of years, finding solace and eventual redemption through acts of common decency.
269;234;"Drama;Horror";The Shining;1980;false;;8.4;Stanley Kubrick;2h 26m;A family heads to an isolated hotel for the winter where a sinister presence influences the father into violence, while his psychic son sees horrific forebodings from both past and future.
270;235;"Drama;Crime;Thriller";The Silence of the Lambs;1991;false;;8.6;Jonathan Demme;1h 58m;A young F.B.I. cadet must receive the help of an incarcerated and manipulative cannibal killer to help catch another serial killer, a madman who skins his victims.
271;236;"Drama;Mystery;Thriller";The Sixth Sense;1999;false;;8.2;M. Night Shyamalan;1h 47m;A frightened, withdrawn Philadelphia boy who communicates with spirits seeks the help of a disheartened child psychologist.
272;237;"Drama;Biography;Family";The Sound of Music;1965;false;;8.0;Robert Wise;2h 52m;A young novitiate is sent by her convent in 1930s Austria to become a governess to the seven children of a widowed naval officer.
273;238;"Drama;Crime;Comedy";The Sting;1973;false;;8.2;George Roy Hill;2h 9m;Two grifters team up to pull off the ultimate con.
274;239;"Sci-Fi;Mystery;Horror";The Thing;1982;false;;8.1;John Carpenter;1h 49m;A research team in Antarctica is hunted by a shape-shifting alien that assumes the appearance of its victims.
275;240;"Mystery;Thriller;Film-Noir";The Third Man;1949;false;;8.1;Carol Reed;1h 33m;Pulp novelist Holly Martins travels to shadowy, postwar Vienna, only to find himself investigating the mysterious death of an old friend, Harry Lime.
276;241;"Drama;Adventure;Western";The Treasure of the Sierra Madre;1948;false;;8.1;John Huston;2h 6m;Two down-on-their-luck Americans searching for work in 1920s Mexico convince an old prospector to help them mine for gold in the Sierra Madre Mountains.
277;242;"Drama;Comedy";The Truman Show;1998;true;vibrant-blue;8.2;Peter Weir;1h 43m;An insurance salesman discovers his whole life is actually a reality TV show.
278;243;"Drama;Crime;Mystery";The Usual Suspects;1995;false;;8.5;Bryan Singer;1h 46m;A sole survivor tells of the twisty events leading up to a horrific gun battle on a boat, which began when five criminals met at a seemingly random police lineup.
279;244;"Drama;Adventure;Thriller";The Wages of Fear;1953;false;;8.1;Henri-Georges Clouzot;2h 11m;In a decrepit South American village, four men are hired to transport an urgent nitroglycerine shipment without the equipment that would make it safe.
280;245;"Drama;Thriller";The Whale;2022;false;;7.7;Darren Aronofsky;1h 57m;A reclusive, morbidly obese English teacher attempts to reconnect with his estranged teenage daughter.
281;246;"Adventure;Family;Fantasy";The Wizard of Oz;1939;false;;8.0;Victor Fleming;1h 42m;Young Dorothy Gale and her dog are swept away by a tornado from their Kansas farm to the magical Land of Oz, and embark on a quest with three new friends to see the Wizard, who can return her to her home and fulfill the others' wishes.
282;247;"Biography;Comedy;Crime";The Wolf of Wall Street;2013;true;warm-coral;8.2;Martin Scorsese;3h;Based on the true story of Jordan Belfort, from his rise to a wealthy stock-broker living the high life to his fall involving crime, corruption and the federal government.
283;248;Drama;There Will Be Blood;2007;false;;8.2;Paul Thomas Anderson;2h 38m;A story of family, religion, hatred, oil and madness, focusing on a turn-of-the-century prospector in the early days of the business.
284;249;"Drama;Crime;Comedy";Three Billboards Outside Ebbing, Missouri;2017;true;bright-red-orange;8.1;Martin McDonagh;1h 55m;A mother personally challenges the local authorities to solve her daughter's murder when they fail to catch the culprit.
285;250;"Comedy;Romance;War";To Be or Not to Be;1942;false;;8.0;Ernst Lubitsch;1h 39m;During the Nazi occupation of Poland, an acting troupe becomes embroiled in a Polish soldier's efforts to track down a German spy.
286;251;"Drama;Crime";To Kill a Mockingbird;1962;false;;8.2;Robert Mulligan;2h 9m;Atticus Finch, a widowed lawyer in Depression-era Alabama, defends a black man against an undeserved rape charge, and his children against prejudice.
287;252;Drama;Tokyo Story;1953;false;;8.1;Yasujirô Ozu;2h 16m;An old couple visit their children and grandchildren in the city, but receive little attention.
288;253;"Drama;Action";Top Gun: Maverick;2022;false;;8.5;Joseph Kosinski;2h 10m;After more than thirty years of service as one of the Navy's top aviators, Pete Mitchell is where he belongs, pushing the envelope as a courageous test pilot and dodging the advancement in rank that would ground him.
289;254;"Animation;Adventure;Comedy";Toy Story;1995;true;strong-purple;8.3;John Lasseter;1h 21m;A cowboy doll is profoundly threatened and jealous when a new spaceman figure supplants him as top toy in a boy's room.
290;254;"Animation;Adventure;Comedy";Toy Story 2;1999;true;strong-purple;7.9;John Lasseter;1h 32m;When Woody is stolen by a toy collector, Buzz and his friends set out on a rescue mission to save Woody before he becomes a museum toy property.
291;254;"Animation;Adventure;Comedy";Toy Story 3;2010;true;strong-purple;8.3;Lee Unkrich;1h 43m;The toys are mistakenly delivered to a day-care center instead of the attic right before Andy leaves for college, and it's up to Woody to convince the other toys that they weren't abandoned and to return home.
292;254;"Animation;Adventure;Comedy";Toy Story 4;2019;true;strong-purple;7.7;Josh Cooley;1h 40m;"When a new toy called ""Forky"" joins Woody and the gang, a road trip alongside old and new friends reveals how big the world can be for a toy."
293;255;Drama;Trainspotting;1996;false;;8.1;Danny Boyle;1h 33m;Renton, deeply immersed in the Edinburgh drug scene, tries to clean up and get out, despite the allure of the drugs and influence of friends.
294;256;"Drama;Western";Unforgiven;1992;false;;8.2;Clint Eastwood;2h 10m;"Retired Old West gunslinger William Munny reluctantly takes on one last job, with the help of his old partner Ned Logan and a young man, The ""Schofield Kid."""
295;257;"Adventure;Comedy;Animation";Up;2009;true;electric-cyan;8.2;"Bob Peterson;Pete Docter";1h 36m;78-year-old Carl Fredricksen travels to Paradise Falls in his house equipped with balloons, inadvertently taking a young stowaway.
296;258;"Drama;Action;Sci-Fi";V for Vendetta;2005;true;deep-magenta;8.1;James McTeigue;2h 12m;"In a future British dystopian society, a shadowy freedom fighter, known only by the alias of ""V"", plots to overthrow the tyrannical government - with the help of a young woman."
297;259;"Romance;Mystery;Thriller";Vertigo;1958;false;;8.2;Alfred Hitchcock;2h 8m;A former San Francisco police detective juggles wrestling with his personal demons and becoming obsessed with the hauntingly beautiful woman he has been hired to trail, who may be deeply disturbed.
298;260;"Adventure;Animation;Family";WALL·E;2008;false;;8.4;Andrew Stanton;1h 38m;In the distant future, a small waste-collecting robot inadvertently embarks on a space journey that will ultimately decide the fate of mankind.
299;261;"Drama;Action;Sport";Warrior;2011;false;;8.1;Gavin O'Connor;2h 20m;Ex-Marine Tommy returns home and convinces his father to train him for a mixed martial arts tournament. However, there is more at stake than the prize money as he will be fighting against his brother.
300;262;"Drama;Music";Whiplash;2014;false;;8.5;Damien Chazelle;1h 46m;A promising young drummer enrolls at a cut-throat music conservatory where his dreams of greatness are mentored by an instructor who will stop at nothing to realize a student's potential.
301;263;"Drama;Romance";Wild Strawberries;1957;false;;8.1;Ingmar Bergman;1h 31m;After living a life marked by coldness, an aging professor is forced to confront the emptiness of his existence.
302;264;"Drama;Comedy;Thriller";Wild Tales;2014;false;;8.1;Damián Szifron;2h 2m;Six short stories that explore the extremities of human behavior involving people in distress.
303;265;"Drama;Crime;Mystery";Witness for the Prosecution;1957;false;;8.4;Billy Wilder;1h 56m;A veteran British barrister must defend his client in a murder trial that has surprise after surprise.
304;266;"Drama;Action;Thriller";Yojimbo;1961;false;;8.1;Akira Kurosawa;1h 50m;A crafty ronin comes to a town divided by two criminal gangs and decides to play them against each other to free the town.
305;267;"Drama;Animation;Fantasy";Your Name.;2016;false;;8.3;Makoto Shinkai;1h 46m;Two strangers find themselves linked in a bizarre way. When a connection forms, will distance be the only thing to keep them apart?
